Workbook

Sheet Club Stats
A1: Season | B1: Club | C1: Competition Scope | D1: League | E1: Appearances | F1: Goals | G1: Assists | H1: Trophies Won | I1: Approx Age
A2: 2004-05 | B2: FC Barcelona | C2: All competitions | D2: La Liga | E2: 9 | F2: 1 | G2: 0 | H2: 1 | I2: 18
A3: 2005-06 | B3: FC Barcelona | C3: All competitions | D3: La Liga | E3: 25 | F3: 8 | G3: 2 | H3: 2 | I3: 19
A4: 2006-07 | B4: FC Barcelona | C4: All competitions | D4: La Liga | E4: 36 | F4: 17 | G4: 7 | H4: 0 | I4: 20
A5: 2007-08 | B5: FC Barcelona | C5: All competitions | D5: La Liga | E5: 40 | F5: 16 | G5: 9 | H5: 0 | I5: 21
A6: 2008-09 | B6: FC Barcelona | C6: All competitions | D6: La Liga | E6: 51 | F6: 38 | G6: 18 | H6: 3 | I6: 22
A7: 2009-10 | B7: FC Barcelona | C7: All competitions | D7: La Liga | E7: 53 | F7: 47 | G7: 11 | H7: 2 | I7: 23
A8: 2010-11 | B8: FC Barcelona | C8: All competitions | D8: La Liga | E8: 55 | F8: 53 | G8: 24 | H8: 3 | I8: 24
A9: 2011-12 | B9: FC Barcelona | C9: All competitions | D9: La Liga | E9: 60 | F9: 73 | G9: 29 | H9: 2 | I9: 25
A10: 2012-13 | B10: FC Barcelona | C10: All competitions | D10: La Liga | E10: 50 | F10: 60 | G10: 12 | H10: 1 | I10: 26
A11: 2013-14 | B11: FC Barcelona | C11: All competitions | D11: La Liga | E11: 46 | F11: 41 | G11: 16 | H11: 0 | I11: 27
A12: 2014-15 | B12: FC Barcelona | C12: All competitions | D12: La Liga | E12: 57 | F12: 58 | G12: 27 | H12: 3 | I12: 28
A13: 2015-16 | B13: FC Barcelona | C13: All competitions | D13: La Liga | E13: 49 | F13: 41 | G13: 18 | H13: 2 | I13: 29
... A24: 2026 | B24: Inter Miami CF | C24: All competitions | D24: MLS | E24: 20 | F24: 18 | G24: 9 | H24: 0 | I24: 39
A27: TOTALS
A28: Total Goals | B28: =SUM(F2:F24) -> 780
A29: Total Assists | B29: =SUM(G2:G24) -> 345
A30: Total Appearances | B30: =SUM(E2:E24) -> 947
A31: Total Trophies | B31: =SUM(H2:H24) -> 31
A32: Goals per Appearance | B32: =ROUND(SUM(F2:F24)/SUM(E2:E24),2) -> 0.82

Sheet Club Comparison
A1: Club | B1: Seasons | C1: Total Appearances | D1: Total Goals | E1: Total Assists | F1: Goals per Appearance | G1: Total Trophies
A2: FC Barcelona | B2: =COUNTIF('Club Stats'!B:B,A2) -> 17 | C2: =SUMIF('Club Stats'!B:B,A2,'Club Stats'!E:E) -> 778 | D2: =SUMIF('Club Stats'!B:B,A2,'Club Stats'!F:F) -> 672 | E2: =SUMIF('Club Stats'!B:B,A2,'Club Stats'!G:G) -> 265 | F2: =ROUND(D2/C2,2) -> 0.86 | G2: =SUMIF('Club Stats'!B:B,A2,'Club Stats'!H:H) -> 25
A3: Paris Saint-Germain | B3: =COUNTIF('Club Stats'!B:B,A3) -> 2 | C3: =SUMIF('Club Stats'!B:B,A3,'Club Stats'!E:E) -> 75 | D3: =SUMIF('Club Stats'!B:B,A3,'Club Stats'!F:F) -> 32 | E3: =SUMIF('Club Stats'!B:B,A3,'Club Stats'!G:G) -> 35 | F3: =ROUND(D3/C3,2) -> 0.43 | G3: =SUMIF('Club Stats'!B:B,A3,'Club Stats'!H:H) -> 2
A4: Inter Miami CF | B4: =COUNTIF('Club Stats'!B:B,A4) -> 4 | C4: =SUMIF('Club Stats'!B:B,A4,'Club Stats'!E:E) -> 94 | D4: =SUMIF('Club Stats'!B:B,A4,'Club Stats'!F:F) -> 76 | E4: =SUMIF('Club Stats'!B:B,A4,'Club Stats'!G:G) -> 45 | F4: =ROUND(D4/C4,2) -> 0.81 | G4: =SUMIF('Club Stats'!B:B,A4,'Club Stats'!H:H) -> 4

Sheet International Stats
A1: Year | B1: Tournament | C1: Result | D1: Appearances | E1: Goals | F1: Assists | G1: Individual Award | H1: WC Goals Helper
A2: 2005 | B2: Senior debut / early caps | C2: - | D2: 4 | E2: 0 | F2: 0 | H2: =IF(B2="FIFA World Cup",E2,"")
A3: 2006 | B3: FIFA World Cup | C3: Quarter-final | D3: 3 | E3: 1 | F3: 0 | H3: =IF(B3="FIFA World Cup",E3,"") -> 1
A4: 2007 | B4: Copa America | C4: Runner-up | D4: 6 | E4: 2 | F4: 1 | H4: =IF(B4="FIFA World Cup",E4,"")
A5: 2010 | B5: FIFA World Cup | C5: Quarter-final | D5: 5 | E5: 0 | F5: 0 | H5: =IF(B5="FIFA World Cup",E5,"") -> 0
A6: 2011 | B6: Copa America | C6: Quarter-final | D6: 4 | E6: 0 | F6: 0 | H6: =IF(B6="FIFA World Cup",E6,"")
A7: 2014 | B7: FIFA World Cup | C7: Runner-up | D7: 7 | E7: 4 | F7: 1 | G7: Golden Ball | H7: =IF(B7="FIFA World Cup",E7,"") -> 4
A8: 2015 | B8: Copa America | C8: Runner-up | D8: 6 | E8: 1 | F8: 1 | H8: =IF(B8="FIFA World Cup",E8,"")
A9: 2016 | B9: Copa America Centenario | C9: Runner-up | D9: 5 | E9: 5 | F9: 4 | H9: =IF(B9="FIFA World Cup",E9,"")
A10: 2018 | B10: FIFA World Cup | C10: Round of 16 | D10: 4 | E10: 1 | F10: 1 | H10: =IF(B10="FIFA World Cup",E10,"") -> 1
A11: 2019 | B11: Copa America | C11: Third place | D11: 5 | E11: 1 | F11: 1 | H11: =IF(B11="FIFA World Cup",E11,"")
A12: 2021 | B12: Copa America | C12: Champion | D12: 7 | E12: 4 | F12: 5 | G12: Player of the Tournament | H12: =IF(B12="FIFA World Cup",E12,"")
A13: 2022 | B13: FIFA World Cup | C13: Champion | D13: 7 | E13: 7 | F13: 3 | G13: Golden Ball | H13: =IF(B13="FIFA World Cup",E13,"") -> 7
A14: 2024 | B14: Copa America | C14: Champion | D14: 4 | E14: 0 | F14: 1 | H14: =IF(B14="FIFA World Cup",E14,"")
A15: 2026 | B15: FIFA World Cup | C15: Runner-up | D15: 7 | E15: 8 | F15: 2 | H15: =IF(B15="FIFA World Cup",E15,"") -> 8
A18: TOTALS (major tournaments only)
A19: Total Goals | B19: =SUM(E2:E15) -> 34
A20: Total Assists | B20: =SUM(F2:F15) -> 20
A21: Trophies (Champion results) | B21: =COUNTIF(C2:C15,"Champion") -> 3

Sheet Creative Insights
A1: Creative Career Findings
A3: 1. Share of career club goals scored at age 35+ | B3: =ROUND(100*SUMIFS('Club Stats'!F:F,'Club Stats'!I:I,">=35")/SUM('Club Stats'!F:F),1)&"%" -> 13.8% | C3: Contradicts the typical athletic decline curve
A4: 2a. FC Barcelona — average goals per season | B4: =ROUND(SUMIF('Club Stats'!B:B,"FC Barcelona",'Club Stats'!F:F)/COUNTIF('Club Stats'!B:B,"FC Barcelona"),1) -> 39.5
A5: 2b. FC Barcelona — goals/season standard deviation | B5: =ROUND(SQRT(SUMPRODUCT(('Club Stats'!B2:B24="FC Barcelona")*('Club Stats'!F2:F24-B4)^2)/COUNTIF('Club Stats'!B:B,"FC Barcelona")),1) -> 19 | C5: Reference: B4 = average goals per season (above)
A6: 2c. FC Barcelona — coefficient of variation (stdev / mean) | B6: =ROUND(B5/B4,2) -> 0.48 | C6: Lower = more consistent output year to year, despite a 17-season span
A7: 3a. FC Barcelona — goals per trophy | B7: =ROUND(SUMIF('Club Stats'!B:B,"FC Barcelona",'Club Stats'!F:F)/SUMIF('Club Stats'!B:B,"FC Barcelona",'Club Stats'!H:H),1) -> 26.9 | C7: Higher = took more goals to convert into silverware
A8: 3b. Inter Miami CF — goals per trophy | B8: =ROUND(SUMIF('Club Stats'!B:B,"Inter Miami CF",'Club Stats'!F:F)/SUMIF('Club Stats'!B:B,"Inter Miami CF",'Club Stats'!H:H),1) -> 19
A9: 3c. Paris Saint-Germain — goals per trophy | B9: =ROUND(SUMIF('Club Stats'!B:B,"Paris Saint-Germain",'Club Stats'!F:F)/SUMIF('Club Stats'!B:B,"Paris Saint-Germain",'Club Stats'!H:H),1) -> 16
A10: 3d. Argentina (International) — goals per trophy | B10: =ROUND(SUM('International Stats'!E2:E15)/COUNTIF('International Stats'!C2:C15,"Champion"),1) -> 11.3 | C10: Lowest of all four = his goals converted to trophies MOST efficiently for Argentina
A11: 4a. Avg. assist share of goal contributions — early career (2004-08) | B11: =ROUND(100*SUMPRODUCT((('Club Stats'!A2:A24="2004-05")+('Club Stats'!A2:A24="2005-06")+('Club Stats'!A2:A24="2006-07")+('Club Stats'!A2:A24="2007-08"))*('Club Stats'!G2:G24/('Club Stats'!F2:F24+'Club Stats'!G2:G24)))/SUMPRODUCT((('Club Stats'!A2:A24="2004-05")+('Club Stats'!A2:A24="2005-06")+('Club Stats'!A2:A24="2006-07")+('Club Stats'!A2:A24="2007-08"))*1),1)&"%" -> 21.3% | C11: Evolution from primary scorer to creator
A12: 4b. Avg. assist share of goal contributions — final seasons (2024-26) | B12: =ROUND(100*SUMPRODUCT((('Club Stats'!A2:A24="2024")+('Club Stats'!A2:A24="2025")+('Club Stats'!A2:A24="2026"))*('Club Stats'!G2:G24/('Club Stats'!F2:F24+'Club Stats'!G2:G24)))/SUMPRODUCT((('Club Stats'!A2:A24="2024")+('Club Stats'!A2:A24="2025")+('Club Stats'!A2:A24="2026"))*1),1)&"%" -> 37.8%
A13: 5. Highest-scoring World Cup (year) | B13: =INDEX('International Stats'!A2:A15,MATCH(MAX('International Stats'!H2:H15),'International Stats'!H2:H15,0)) -> 2026 | C13: His best World Cup by goals was his LAST one — 2026, age 39
